mae,mse,rmse,mape,R-square
970.96936,1351035.8,1162.3406,2.4196732,-1.691533014877062
