mae,mse,rmse,R-square
380.7785,255002.84,504.97806,0.49198332711653403
