Epoch,Training Loss,Validation Loss
0,0.030681079253554344,0.02032080478966236
1,0.00839055422693491,0.013171670027077198
