Epoch,Training Loss,Validation Loss
0,0.03091396391391754,0.026698360219597816
1,0.008624664507806301,0.013082915917038918
