Epoch,Training Loss,Validation Loss
0,0.0347740612924099,0.015997642651200294
1,0.007385709788650274,0.012356293387711048
