Epoch,Training Loss,Validation Loss
0,0.03641185909509659,0.01112246885895729
1,0.006812588311731815,0.0167678352445364
