Epoch,Training Loss,Validation Loss
0,0.026685098186135292,0.01279618963599205
1,0.008605167269706726,0.014631874859333038
