Epoch,Training Loss,Validation Loss
0,0.022904736921191216,0.011532663367688656
1,0.006707245949655771,0.011786502785980701
