Epoch,Training Loss,Validation Loss
0,0.02665872685611248,0.01739540696144104
1,0.007690085098147392,0.01650802418589592
