Epoch,Training Loss,Validation Loss
0,0.024923695251345634,0.014828009530901909
1,0.006441236939281225,0.01843945123255253
