Epoch,Training Loss,Validation Loss
0,0.03151923045516014,0.015329617075622082
1,0.008309745229780674,0.009892646223306656
