Epoch,Training Loss,Validation Loss
0,0.031084362417459488,0.011958862654864788
1,0.008077243342995644,0.008286693133413792
