Epoch,Training Loss,Validation Loss
0,0.025226326659321785,0.010676694102585316
1,0.007007177919149399,0.01104612648487091
