Epoch,Training Loss,Validation Loss
0,0.04683835059404373,0.012284941039979458
1,0.007145645096898079,0.01596025750041008
