Epoch,Training Loss,Validation Loss
0,0.031299445778131485,0.01840188540518284
1,0.009839207865297794,0.011282059364020824
