Epoch,Training Loss,Validation Loss
0,0.03240584582090378,0.013005660846829414
1,0.007975486107170582,0.009407196193933487
