Epoch,Training Loss,Validation Loss
0,0.04545283317565918,0.010244578123092651
1,0.007013679016381502,0.008401568979024887
