Epoch,Training Loss,Validation Loss
0,0.026766594499349594,0.014527855440974236
1,0.0072382059879601,0.00973315630108118
