Epoch,Training Loss,Validation Loss
0,0.024381762370467186,0.01182474847882986
1,0.007483900059014559,0.00998185109347105
