Epoch,Training Loss,Validation Loss
0,0.02609015256166458,0.029916055500507355
1,0.007882513105869293,0.008520450443029404
