Epoch,Training Loss,Validation Loss
0,0.027643447741866112,0.02201663702726364
1,0.006914553232491016,0.012808054685592651
