Epoch,Training Loss,Validation Loss
0,0.02530563808977604,0.00973606389015913
1,0.007628744468092918,0.007415382657200098
