mae,mse,rmse,mape,R-square
1448.291,2978122.0,1725.7236,3.6079705,-4.933014149245052
