Epoch,Training Loss,Validation Loss
0,0.04740914702415466,0.017018089070916176
1,0.008376664482057095,0.031565118581056595
