Epoch,Training Loss,Validation Loss
0,0.025822175666689873,0.01106660719960928
1,0.008710444904863834,0.012205449864268303
