Epoch,Training Loss,Validation Loss
0,0.03177148848772049,0.010795703157782555
1,0.008036663755774498,0.02117426134645939
