Epoch,Training Loss,Validation Loss
0,0.025931643322110176,0.019589006900787354
1,0.007309868931770325,0.010602124035358429
