Epoch,Training Loss,Validation Loss
0,0.043718814849853516,0.011631203815340996
1,0.008048237301409245,0.021011803299188614
