Epoch,Training Loss,Validation Loss
0,0.03519603982567787,0.02428358606994152
1,0.0073433732613921165,0.013700640760362148
