Epoch,Training Loss,Validation Loss
0,0.030543526634573936,0.010009197518229485
1,0.00790487602353096,0.008499091491103172
