Epoch,Training Loss,Validation Loss
0,0.03179634362459183,0.00958410743623972
1,0.006893947720527649,0.012926454655826092
