Epoch,Training Loss,Validation Loss
0,0.026140082627534866,0.01307369489222765
1,0.007898997515439987,0.022529954090714455
