Epoch,Training Loss,Validation Loss
0,0.028956972062587738,0.01305544376373291
1,0.007566944230347872,0.01097311545163393
