Epoch,Training Loss,Validation Loss
0,0.02355027385056019,0.010386784560978413
1,0.008098778314888477,0.008941376581788063
