Epoch,Training Loss,Validation Loss
0,0.02673719823360443,0.0371253527700901
1,0.009447839111089706,0.013654259964823723
