Epoch,Training Loss,Validation Loss
0,0.02431541681289673,0.018185870721936226
1,0.007917841896414757,0.009432937018573284
