Epoch,Training Loss,Validation Loss
0,0.03272252157330513,0.03227151930332184
1,0.007268072571605444,0.009001140482723713
