Epoch,Training Loss,Validation Loss
0,0.024760358035564423,0.01810082606971264
1,0.007544529624283314,0.009737197309732437
