Epoch,Training Loss,Validation Loss
0,0.034785352647304535,0.02332097478210926
1,0.007400135975331068,0.013637106865644455
