Epoch,Training Loss,Validation Loss
0,0.02516150288283825,0.009381268173456192
1,0.006173067260533571,0.007869112305343151
