Epoch,Training Loss,Validation Loss
0,0.027268053963780403,0.011750668287277222
1,0.007608362473547459,0.009147259406745434
