Epoch,Training Loss,Validation Loss
0,0.025540512055158615,0.013150272890925407
1,0.009701298549771309,0.007985364645719528
