Epoch,Training Loss,Validation Loss
0,0.03106173686683178,0.012575624510645866
1,0.009101799689233303,0.012179500423371792
