Epoch,Training Loss,Validation Loss
0,0.03338775038719177,0.01879488304257393
1,0.010342368856072426,0.01863986626267433
