Epoch,Training Loss,Validation Loss
0,0.04787649214267731,0.02100110612809658
1,0.010122416540980339,0.019561557099223137
