Epoch,Training Loss,Validation Loss
0,0.03188507258892059,0.01663694530725479
1,0.00890408456325531,0.01552253682166338
