Epoch,Training Loss,Validation Loss
0,0.026800943538546562,0.014320903457701206
1,0.008378260768949986,0.01260480284690857
