Epoch,Training Loss,Validation Loss
0,0.026781609281897545,0.0216883085668087
1,0.01052484568208456,0.018018625676631927
