Epoch,Training Loss,Validation Loss
0,0.02963728830218315,0.019355298951268196
1,0.00938084814697504,0.014549083076417446
