Epoch,Training Loss,Validation Loss
0,0.032522838562726974,0.01718951016664505
1,0.009897526353597641,0.01658204011619091
