Epoch,Training Loss,Validation Loss
0,0.028487171977758408,0.02147960104048252
1,0.010198375210165977,0.020600993186235428
