Epoch,Training Loss,Validation Loss
0,0.039773017168045044,0.021055517718195915
1,0.011465945281088352,0.020053168758749962
