Epoch,Training Loss,Validation Loss
0,0.02674116939306259,0.030806802213191986
1,0.008329814299941063,0.013293692842125893
