Epoch,Training Loss,Validation Loss
0,0.025383727625012398,0.012302438728511333
1,0.008656347170472145,0.01491580531001091
