Epoch,Training Loss,Validation Loss
0,0.036719538271427155,0.01684771291911602
1,0.008667252957820892,0.015945883467793465
