Epoch,Training Loss,Validation Loss
0,0.027599284425377846,0.011026640422642231
1,0.008234056644141674,0.010352447628974915
