Epoch,Training Loss,Validation Loss
0,0.046610333025455475,0.02021031267940998
1,0.008067954331636429,0.015159325674176216
