Epoch,Training Loss,Validation Loss
0,0.041312798857688904,0.017135240137577057
1,0.008254469372332096,0.012617895379662514
