Epoch,Training Loss,Validation Loss
0,0.022468488663434982,0.017602229490876198
1,0.008531210944056511,0.010540350340306759
