Epoch,Training Loss,Validation Loss
0,0.027136651799082756,0.022418320178985596
1,0.010031608864665031,0.018152404576539993
