Epoch,Training Loss,Validation Loss
0,0.026471950113773346,0.019170111045241356
1,0.011149088852107525,0.01846100203692913
