Epoch,Training Loss,Validation Loss
0,0.033954933285713196,0.021817857399582863
1,0.0103913564234972,0.020725788548588753
